PV;CV;SP
82.19;20;25
82.19;20;25
82.2;20;25
82.2;20;25
82.2;20;25
82.2;20;25
82.2;20;25
82.2;20;25
82.21;20;25
82.21;20;25
82.21;20;25
82.21;20;25
82.21;20;25
82.22;20;25
82.22;20;25
82.22;20;25
82.22;20;25
82.22;20;25
82.23;20;25
82.23;20;25
82.23;20;25
82.23;20;25
82.23;20;25
82.24;20;25
82.24;20;25
82.24;20;25
82.24;20;25
82.24;20;25
82.25;20;25
82.25;20;25
82.25;20;25
82.25;20;25
82.25;20;25
82.26;20;25
82.26;20;25
82.26;20;25
82.26;20;25
82.26;20;25
82.27;20;25
82.27;20;25
82.27;20;25
82.27;20;25
82.28;20;25
82.28;20;25
82.28;20;25
82.28;20;25
82.28;20;25
82.28;20;25
82.28;20;25
82.28;20;25
82.28;20;25
82.28;20;25
82.28;20;25
82.28;20;25
82.28;20;25
82.28;20;25
82.28;20;25
82.28;20;25
82.28;20;25
82.28;20;25
82.29;20;25
82.29;20;25
82.29;20;25
82.29;20;25
82.29;20;25
82.29;20;25
82.29;20;25
82.29;20;25
82.29;20;25
82.29;20;25
82.29;20;25
82.3;20;25
82.3;20;25
82.3;20;25
82.3;20;25
82.3;20;25
82.3;20;25
82.3;20;25
82.3;20;25
82.31;20;25
82.31;20;25
82.31;20;25
82.31;20;25
82.31;20;25
82.31;20;25
82.31;20;25
82.31;20;25
82.31;20;25
82.31;20;25
82.31;20;25
82.31;20;25
82.31;20;25
82.31;20;25
82.31;20;25
82.31;10;25
82.31;10;25
82.31;10;25
82.31;10;25
82.31;10;25
82.31;10;25
82.31;10;25
82.31;10;25
82.31;10;25
82.31;10;25
82.31;10;25
82.31;10;25
82.31;10;25
82.31;10;25
82.32;10;25
82.32;10;25
82.32;10;25
82.32;10;25
82.32;10;25
82.32;10;25
82.32;10;25
82.32;10;25
82.32;10;25
82.32;10;25
82.32;10;25
82.32;10;25
82.32;10;25
82.33;10;25
82.33;10;25
82.33;10;25
82.32;10;25
82.32;10;25
82.32;10;25
82.32;10;25
82.32;10;25
82.32;10;25
82.32;10;25
82.32;10;25
82.32;10;25
82.32;10;25
82.32;10;25
82.32;10;25
82.32;10;25
82.32;10;25
82.32;10;25
82.32;10;25
82.32;10;25
82.32;10;25
82.32;10;25
82.32;10;25
82.32;10;25
82.32;10;25
82.32;10;25
82.32;10;25
82.32;10;25
82.32;10;25
82.32;10;25
82.32;10;25
82.32;10;25
82.32;10;25
82.32;10;25
82.32;10;25
82.32;10;25
82.33;10;25
82.33;10;25
82.33;10;25
82.33;10;25
82.33;10;25
82.34;10;25
82.34;10;25
82.34;10;25
82.34;10;25
82.34;10;25
82.34;10;25
82.34;10;25
82.34;10;25
82.34;10;25
82.34;10;25
82.35;10;25
82.35;10;25
82.35;10;25
82.35;10;25
82.35;10;25
82.35;10;25
82.35;10;25
82.35;10;25
82.35;10;25
82.35;10;25
82.35;10;25
82.35;10;25
82.35;10;25
82.35;10;25
82.35;10;25
82.35;10;25
82.35;10;25
82.35;10;25
82.35;10;25
82.35;10;25
82.35;10;25
82.35;10;25
82.35;10;25
82.35;10;25
82.35;10;25
82.35;10;25
82.35;10;25
82.35;10;25
82.35;10;25
82.35;10;25
82.35;10;25
82.35;10;25
82.35;10;25
82.35;10;25
82.36;10;25
82.36;10;25
82.36;10;25
82.36;10;25
82.36;10;25
82.37;10;25
82.37;10;25
82.37;10;25
82.37;10;25
82.37;10;25
82.37;10;25
82.37;10;25
82.37;10;25
82.38;10;25
82.38;10;25
82.38;10;25
82.38;10;25
82.38;10;25
82.38;10;25
82.38;10;25
82.39;10;25
82.39;10;25
82.39;10;25
82.39;10;25
82.39;10;25
82.4;10;25
82.4;10;25
82.4;10;25
82.4;10;25
82.4;10;25
82.4;10;25
82.4;10;25
82.4;10;25
82.41;10;25
82.41;10;25
82.41;10;25
82.41;10;25
82.41;10;25
82.41;10;25
82.41;10;25
82.41;10;25
82.41;10;25
82.4;10;25
82.4;10;25
82.4;10;25
82.4;10;25
82.4;10;25
82.4;10;25
82.4;10;25
82.4;10;25
82.4;10;25
82.4;10;25
82.4;10;25
82.4;10;25
82.4;10;25
82.4;10;25
82.4;10;25
82.4;10;25
82.4;10;25
82.4;10;25
82.4;10;25
82.4;10;25
82.4;10;25
82.4;10;25
82.4;10;25
82.4;10;25
82.4;10;25
82.41;10;25
82.41;10;25
82.41;10;25
82.41;10;25
82.41;10;25
82.41;10;25
82.41;10;25
82.42;10;25
82.42;10;25
82.42;10;25
82.42;10;25
82.42;10;25
82.42;10;25
82.42;10;25
82.42;10;25
82.42;10;25
82.42;10;25
82.42;10;25
82.42;10;25
82.42;10;25
82.42;10;25
82.43;10;25
82.43;10;25
82.43;10;25
82.43;10;25
82.43;10;25
82.43;10;25
82.44;10;25
82.44;10;25
82.44;10;25
82.44;10;25
82.44;10;25
82.44;10;25
82.44;10;25
82.44;10;25
82.44;10;25
82.44;10;25
82.44;10;25
82.44;10;25
82.45;10;25
82.45;10;25
82.45;10;25
82.45;10;25
82.45;10;25
82.45;10;25
82.45;10;25
82.45;10;25
82.45;10;25
82.45;10;25
82.45;10;25
82.45;10;25
82.45;10;25
82.45;10;25
82.45;10;25
82.45;10;25
82.45;10;25
82.45;10;25
82.45;10;25
82.45;10;25
82.45;10;25
82.45;10;25
82.45;10;25
82.45;10;25
82.46;10;25
82.46;10;25
82.46;10;25
82.46;10;25
82.46;10;25
82.46;10;25
82.46;10;25
82.46;10;25
82.46;10;25
82.46;10;25
82.46;10;25
82.46;10;25
82.46;10;25
82.46;10;25
82.46;10;25
82.46;10;25
82.46;10;25
82.46;10;25
82.46;10;25
82.46;10;25
82.46;10;25
82.46;10;25
82.46;10;25
82.46;10;25
82.46;10;25
82.46;10;25
82.46;10;25
82.46;10;25
82.46;10;25
82.46;10;25
82.45;10;25
82.45;10;25
82.45;10;25
82.45;10;25
82.45;10;25
82.45;10;25
82.45;10;25
82.45;10;25
82.45;10;25
82.45;10;25
82.46;10;25
82.46;10;25
82.46;10;25
82.46;10;25
82.46;10;25
82.46;10;25
82.46;10;25
82.46;10;25
82.46;10;25
82.46;10;25
82.46;10;25
82.45;10;25
82.45;10;25
82.45;10;25
82.45;10;25
82.45;10;25
82.45;10;25
82.45;10;25
82.45;10;25
82.45;10;25
82.45;10;25
82.45;10;25
82.46;10;25
82.46;10;25
82.46;10;25
82.46;10;25
82.46;10;25
82.46;10;25
82.46;10;25
82.46;10;25
82.46;10;25
82.46;10;25
82.46;10;25
82.45;10;25
82.45;10;25
82.45;10;25
82.45;10;25
82.45;10;25
82.45;10;25
82.45;10;25
82.45;10;25
82.45;10;25
82.45;10;25
82.45;10;25
82.45;10;25
82.45;10;25
82.45;10;25
82.45;10;25
82.45;10;25
82.45;10;25
82.45;10;25
82.45;10;25
82.45;10;25
82.45;10;25
82.45;10;25
82.45;10;25
82.45;10;25
82.45;10;25
82.45;10;25
82.45;10;25
82.45;10;25
82.45;10;25
82.45;10;25
82.45;10;25
82.45;10;25
82.45;10;25
82.45;10;25
82.45;10;25
82.45;10;25
82.45;10;25
82.45;10;25
82.45;10;25
82.45;10;25
82.46;10;25
82.46;10;25
82.46;10;25
82.46;10;25
82.46;10;25
82.46;10;25
82.46;10;25
82.46;10;25
82.46;10;25
82.46;10;25
82.45;10;25
82.45;10;25
82.45;10;25
82.45;10;25
82.45;10;25
82.45;10;25
82.45;10;25
82.45;10;25
82.45;10;25
82.45;10;25
82.45;10;25
82.45;10;25
82.45;10;25
82.45;10;25
82.45;10;25
82.45;10;25
82.45;10;25
82.45;10;25
82.45;10;25
82.45;10;25
82.45;10;25
82.45;10;25
82.45;10;25
82.45;10;25
82.44;10;25
82.44;10;25
82.44;10;25
82.44;10;25
82.44;10;25
82.44;10;25
82.44;10;25
82.44;10;25
82.44;10;25
82.44;10;25
82.44;10;25
82.44;10;25
82.44;10;25
82.44;10;25
82.44;10;25
82.44;10;25
82.44;10;25
82.44;10;25
82.44;10;25
82.44;10;25
82.44;10;25
82.44;10;25
82.44;10;25
82.44;10;25
82.44;10;25
82.44;10;25
82.45;10;25
82.45;10;25
82.45;10;25
82.45;10;25
82.45;10;25
82.45;10;25
82.45;10;25
82.45;10;25
82.45;10;25
82.45;10;25
82.45;10;25
82.46;10;25
82.46;10;25
82.46;10;25
82.46;10;25
82.46;10;25
82.46;10;25
82.46;10;25
82.46;10;25
82.46;10;25
82.46;10;25
82.46;10;25
82.46;10;25
82.46;10;25
82.46;10;25
82.46;10;25
82.46;10;25
82.46;10;25
82.46;10;25
82.46;10;25
82.46;10;25
82.46;10;25
82.46;10;25
82.46;10;25
82.46;10;25
82.46;10;25
82.46;10;25
82.46;10;25
82.46;10;25
82.46;10;25
82.46;10;25
82.46;10;25
82.46;10;25
82.45;10;25
82.45;10;25
82.46;10;25
82.46;10;25
82.46;10;25
82.46;10;25
82.46;10;25
82.46;10;25
82.46;10;25
82.46;10;25
82.46;10;25
82.46;10;25
82.46;10;25
82.46;10;25
82.46;10;25
82.46;10;25
82.47;10;25
82.47;10;25
82.47;10;25
82.47;10;25
82.47;10;25
82.47;10;25
82.47;10;25
82.47;10;25
82.47;10;25
82.47;10;25
82.47;10;25
82.47;10;25
82.47;10;25
82.47;10;25
82.48;10;25
82.48;10;25
82.48;10;25
82.48;10;25
82.48;10;25
82.48;10;25
82.48;10;25
82.48;10;25
82.48;10;25
82.48;10;25
82.48;10;25
82.48;10;25
82.49;10;25
82.49;10;25
82.49;10;25
82.49;10;25
82.49;10;25
82.49;10;25
82.49;10;25
82.49;10;25
82.5;10;25
82.5;10;25
82.5;10;25
82.5;10;25
82.5;10;25
82.5;10;25
82.5;10;25
82.5;10;25
82.5;10;25
82.5;10;25
82.51;10;25
82.51;10;25
82.51;10;25
82.51;10;25
82.51;10;25
82.51;10;25
82.51;10;25
82.51;10;25
82.51;10;25
82.51;10;25
82.51;10;25
82.51;10;25
82.51;10;25
82.51;10;25
82.51;10;25
82.51;10;25
82.51;10;25
82.51;10;25
82.51;10;25
82.51;10;25
82.5;10;25
82.5;10;25
82.51;10;25
82.51;10;25
82.51;10;25
82.51;10;25
82.51;10;25
82.51;10;25
82.51;10;25
82.51;10;25
82.51;10;25
82.51;10;25
82.51;10;25
82.51;10;25
82.51;10;25
82.51;10;25
82.51;10;25
82.5;10;25
82.5;10;25
82.5;10;25
82.5;10;25
82.5;10;25
82.5;10;25
82.5;10;25
82.5;10;25
82.5;10;25
82.5;10;25
82.5;10;25
82.5;10;25
82.5;10;25
82.5;10;25
82.5;10;25
82.5;10;25
82.5;10;25
82.5;10;25
82.5;10;25
82.51;10;25
82.51;10;25
82.51;10;25
82.51;10;25
82.51;10;25
82.51;10;25
82.51;10;25
82.51;10;25
82.52;10;25
82.52;10;25
82.52;10;25
82.52;10;25
82.52;10;25
82.52;10;25
82.52;10;25
82.52;10;25
82.52;10;25
82.52;10;25
82.52;10;25
82.52;10;25
82.52;10;25
82.52;10;25
82.52;10;25
82.52;10;25
82.52;10;25
82.52;10;25
82.53;10;25
82.53;10;25
82.53;10;25
82.53;10;25
82.53;10;25
82.53;10;25
82.54;10;25
82.54;10;25
82.54;10;25
82.54;10;25
82.54;10;25
82.54;10;25
82.54;10;25
82.54;10;25
82.54;10;25
82.54;10;25
82.54;10;25
82.53;10;25
82.53;10;25
82.53;10;25
82.54;10;25
82.54;10;25
82.54;10;25
82.54;10;25
82.54;10;25
82.54;10;25
82.54;10;25
82.54;10;25
82.54;10;25
82.54;10;25
82.54;10;25
82.54;10;25
82.54;10;25
82.54;10;25
82.54;10;25
82.54;10;25
82.54;10;25
82.53;10;25
82.53;10;25
82.53;10;25
82.53;10;25
82.53;10;25
82.52;10;25
82.52;10;25
82.52;10;25
82.51;10;25
82.51;10;25
82.51;10;25
82.5;10;25
82.5;10;25
82.49;10;25
82.48;10;25
82.48;10;25
82.47;10;25
82.46;10;25
82.46;10;25
82.45;10;25
82.44;10;25
82.43;10;25
82.42;10;25
82.41;10;25
82.4;10;25
82.39;10;25
82.38;10;25
82.37;10;25
82.35;10;25
82.34;10;25
82.33;10;25
82.31;10;25
82.3;10;25
82.29;10;25
82.27;10;25
82.26;10;25
82.24;10;25
82.23;10;25
82.21;10;25
82.19;10;25
82.18;10;25
82.16;10;25
82.14;10;25
82.13;10;25
82.11;10;25
82.09;10;25
82.08;10;25
82.06;10;25
82.04;10;25
82.02;10;25
82.01;10;25
81.99;10;25
81.97;10;25
81.95;10;25
81.93;10;25
81.91;10;25
81.89;10;25
81.87;10;25
81.85;10;25
81.83;10;25
81.81;10;25
81.79;10;25
81.77;10;25
81.75;10;25
81.73;10;25
81.7;10;25
81.68;10;25
81.65;10;25
81.63;10;25
81.6;10;25
81.58;10;25
81.56;10;25
81.53;10;25
81.51;10;25
81.48;10;25
81.46;10;25
81.43;10;25
81.4;10;25
81.38;10;25
81.35;10;25
81.33;10;25
81.3;10;25
81.27;10;25
81.25;10;25
81.22;10;25
81.19;10;25
81.17;10;25
81.14;10;25
81.11;10;25
81.09;10;25
81.03;10;25
81.03;10;25
81;10;25
80.97;10;25
80.94;10;25
80.91;10;25
80.88;10;25
80.85;10;25
80.81;10;25
80.78;10;25
80.72;10;25
80.72;10;25
80.69;10;25
80.66;10;25
80.62;10;25
80.59;10;25
80.56;10;25
80.53;10;25
80.5;10;25
80.46;10;25
80.4;10;25
80.4;10;25
80.37;10;25
80.33;10;25
80.3;10;25
80.26;10;25
80.23;10;25
80.19;10;25
80.16;10;25
80.12;10;25
80.09;10;25
80.05;10;25
80.02;10;25
79.98;10;25
79.94;10;25
79.91;10;25
79.87;10;25
79.83;10;25
79.8;10;25
79.76;10;25
79.72;10;25
79.68;10;25
79.64;10;25
79.61;10;25
79.57;10;25
79.53;10;25
79.49;10;25
79.45;10;25
79.41;10;25
79.37;10;25
79.33;10;25
79.29;10;25
79.26;10;25
79.22;10;25
79.18;10;25
79.14;10;25
79.11;10;25
79.07;10;25
79.03;10;25
78.99;10;25
78.95;10;25
78.91;10;25
78.87;10;25
78.83;10;25
78.79;10;25
78.75;10;25
78.71;10;25
78.66;10;25
78.62;10;25
78.58;10;25
78.49;10;25
78.49;10;25
78.45;10;25
78.41;10;25
78.37;10;25
78.33;10;25
78.29;10;25
78.24;10;25
78.2;10;25
78.16;10;25
78.12;10;25
78.07;10;25
78.03;10;25
77.99;10;25
77.94;10;25
77.9;10;25
77.85;10;25
77.81;10;25
77.76;10;25
77.72;10;25
77.67;10;25
77.63;10;25
77.58;10;25
77.54;10;25
77.5;10;25
77.45;10;25
77.41;10;25
77.37;10;25
77.32;10;25
77.28;10;25
77.24;10;25
77.19;10;25
77.15;10;25
77.1;10;25
77.05;10;25
77.01;10;25
76.96;10;25
76.91;10;25
76.86;10;25
76.82;10;25
76.77;10;25
76.72;10;25
76.67;10;25
76.63;10;25
76.58;10;25
76.53;10;25
76.48;10;25
76.44;10;25
76.39;10;25
76.34;10;25
76.29;10;25
76.24;10;25
76.19;10;25
76.15;10;25
76.1;10;25
76.06;10;25
76.01;10;25
75.96;10;25
75.92;10;25
75.87;10;25
75.82;10;25
75.78;10;25
75.73;10;25
75.68;10;25
75.63;10;25
75.58;10;25
75.54;10;25
75.49;10;25
75.44;10;25
75.39;10;25
75.34;10;25
75.3;10;25
75.25;10;25
75.2;10;25
75.15;10;25
75.1;10;25
75.05;10;25
75;10;25
74.95;10;25
74.9;10;25
74.85;10;25
74.8;10;25
74.75;10;25
74.7;10;25
74.65;10;25
74.6;10;25
74.55;10;25
74.49;10;25
74.39;10;25
74.39;10;25
74.34;10;25
74.29;10;25
74.24;10;25
74.19;10;25
74.13;10;25
74.08;10;25
74.03;10;25
73.98;10;25
73.93;10;25
73.88;10;25
73.82;10;25
73.77;10;25
73.72;10;25
73.67;10;25
73.62;10;25
73.56;10;25
73.51;10;25
73.46;10;25
73.41;10;25
73.36;10;25
73.31;10;25
73.25;10;25
73.2;10;25
73.15;10;25
73.1;10;25
73.05;10;25
73;10;25
72.95;10;25
72.9;10;25
72.84;10;25
72.79;10;25
72.74;10;25
72.69;10;25
72.64;10;25
72.59;10;25
72.53;10;25
72.48;10;25
72.43;10;25
72.38;10;25
72.33;10;25
72.28;10;25
72.22;10;25
72.17;10;25
72.12;10;25
72.07;10;25
72.02;10;25
71.96;10;25
71.91;10;25
71.86;10;25
71.81;10;25
71.76;10;25
71.7;10;25
71.65;10;25
71.6;10;25
71.55;10;25
71.49;10;25
71.44;10;25
71.39;10;25
71.33;10;25
71.28;10;25
71.23;10;25
71.12;10;25
71.12;10;25
71.06;10;25
71.01;10;25
70.95;10;25
70.9;10;25
70.85;10;25
70.79;10;25
70.74;10;25
70.68;10;25
70.57;10;25
70.57;10;25
70.52;10;25
70.46;10;25
70.41;10;25
70.36;10;25
70.3;10;25
70.25;10;25
70.19;10;25
70.14;10;25
70.08;10;25
70.03;10;25
69.97;10;25
69.92;10;25
69.86;10;25
69.81;10;25
69.75;10;25
69.7;10;25
69.64;10;25
69.59;10;25
69.53;10;25
69.48;10;25
69.42;10;25
69.37;10;25
69.31;10;25
69.26;10;25
69.2;10;25
69.15;10;25
69.09;10;25
69.04;10;25
68.98;10;25
68.93;10;25
68.88;10;25
68.82;10;25
68.77;10;25
68.71;10;25
68.66;10;25
68.61;10;25
68.55;10;25
68.5;10;25
68.44;10;25
68.39;10;25
68.34;10;25
68.28;10;25
68.23;10;25
68.17;10;25
68.12;10;25
68.06;10;25
68.01;10;25
67.96;10;25
67.9;10;25
67.85;10;25
67.79;10;25
67.74;10;25
67.69;10;25
67.63;10;25
67.58;10;25
67.52;10;25
67.47;10;25
67.41;10;25
67.36;10;25
67.31;10;25
67.25;10;25
67.2;10;25
67.15;10;25
67.09;10;25
67.04;10;25
66.98;10;25
66.93;10;25
66.88;10;25
66.82;10;25
66.77;10;25
66.71;10;25
66.66;10;25
66.61;10;25
66.55;10;25
66.5;10;25
66.44;10;25
66.39;10;25
66.33;10;25
66.28;10;25
66.22;10;25
66.17;10;25
66.12;10;25
66.06;10;25
66.01;10;25
65.95;10;25
65.95;10;25
65.84;10;25
65.84;10;25
65.79;10;25
65.68;10;25
65.68;10;25
65.62;10;25
65.57;10;25
65.52;10;25
65.46;10;25
65.41;10;25
65.36;10;25
65.3;10;25
65.25;10;25
65.14;10;25
65.14;10;25
65.09;10;25
65.03;10;25
64.98;10;25
64.92;10;25
64.87;10;25
64.81;10;25
64.76;10;25
64.7;10;25
64.59;10;25
64.59;10;25
64.54;10;25
64.48;10;25
64.43;10;25
64.37;10;25
64.32;10;25
64.27;10;25
64.21;10;25
64.16;10;25
64.05;10;25
64.05;10;25
63.99;10;25
63.94;10;25
63.88;10;25
63.83;10;25
63.78;10;25
63.72;10;25
63.67;10;25
63.61;10;25
63.56;10;25
63.5;10;25
63.45;10;25
63.39;10;25
63.34;10;25
63.28;10;25
63.23;10;25
63.17;10;25
63.12;10;25
63.07;10;25
63.01;10;25
62.96;10;25
62.9;10;25
62.85;10;25
62.8;10;25
62.74;10;25
62.69;10;25
62.64;10;25
62.58;10;25
62.53;10;25
62.48;10;25
62.42;10;25
62.37;10;25
62.32;10;25
62.27;10;25
62.21;10;25
62.16;10;25
62.11;10;25
62.06;10;25
62;10;25
61.95;10;25
61.9;10;25
61.85;10;25
61.79;10;25
61.74;10;25
61.68;10;25
61.63;10;25
61.57;10;25
61.52;10;25
61.47;10;25
61.41;10;25
61.36;10;25
61.31;10;25
61.25;10;25
61.2;10;25
61.15;10;25
61.09;10;25
61.04;10;25
60.99;10;25
60.94;10;25
60.88;10;25
60.83;10;25
60.78;10;25
60.72;10;25
60.67;10;25
60.62;10;25
60.56;10;25
60.51;10;25
60.46;10;25
60.41;10;25
60.35;10;25
60.3;10;25
60.25;10;25
60.2;10;25
60.14;10;25
60.09;10;25
60.04;10;25
59.99;10;25
59.93;10;25
59.88;10;25
59.83;10;25
59.78;10;25
59.73;10;25
59.68;10;25
59.62;10;25
59.57;10;25
59.52;10;25
59.47;10;25
59.42;10;25
59.37;10;25
59.31;10;25
59.26;10;25
59.21;10;25
59.16;10;25
59.11;10;25
59.05;10;25
59;10;25
58.95;10;25
58.9;10;25
58.85;10;25
58.8;10;25
58.74;10;25
58.7;10;25
58.65;10;25
58.6;10;25
58.55;10;25
58.5;10;25
58.45;10;25
58.4;10;25
58.35;10;25
58.3;10;25
58.2;10;25
58.2;10;25
58.15;10;25
58.1;10;25
58.04;10;25
57.99;10;25
57.94;10;25
57.89;10;25
57.84;10;25
57.79;10;25
57.74;10;25
57.69;10;25
57.64;10;25
57.59;10;25
57.54;10;25
57.49;10;25
57.44;10;25
57.39;10;25
57.34;10;25
57.3;10;25
57.25;10;25
57.2;10;25
57.14;10;25
57.09;10;25
57.04;10;25
56.99;10;25
56.94;10;25
56.89;10;25
56.84;10;25
56.79;10;25
56.74;10;25
56.69;10;25
56.64;10;25
56.59;10;25
56.54;10;25
56.49;10;25
56.44;10;25
56.39;10;25
56.34;10;25
56.3;10;25
56.25;10;25
56.2;10;25
56.15;10;25
56.1;10;25
56.05;10;25
56;10;25
55.95;10;25
55.9;10;25
55.85;10;25
55.8;10;25
55.75;10;25
55.7;10;25
55.66;10;25
55.61;10;25
55.56;10;25
55.52;10;25
55.47;10;25
55.42;10;25
55.38;10;25
55.33;10;25
55.28;10;25
55.23;10;25
55.19;10;25
55.14;10;25
55.1;10;25
55.05;10;25
55;10;25
54.96;10;25
54.91;10;25
54.86;10;25
54.82;10;25
54.77;10;25
54.72;10;25
54.67;10;25
54.63;10;25
54.58;10;25
54.53;10;25
54.48;10;25
54.44;10;25
54.39;10;25
54.34;10;25
54.29;10;25
54.25;10;25
54.2;10;25
54.15;10;25
54.11;10;25
54.06;10;25
54.02;10;25
53.97;10;25
53.92;10;25
53.88;10;25
53.83;10;25
53.78;10;25
53.73;10;25
53.69;10;25
53.64;10;25
53.59;10;25
53.55;10;25
53.5;10;25
53.45;10;25
53.41;10;25
53.36;10;25
53.32;10;25
53.27;10;25
53.23;10;25
53.18;10;25
53.13;10;25
53.09;10;25
53.04;10;25
53;10;25
52.95;10;25
52.91;10;25
52.87;10;25
52.82;10;25
52.78;10;25
52.73;10;25
52.69;10;25
52.64;10;25
52.6;10;25
52.56;10;25
52.51;10;25
52.47;10;25
52.42;10;25
52.38;10;25
52.33;10;25
52.29;10;25
52.24;10;25
52.2;10;25
52.15;10;25
52.11;10;25
52.06;10;25
52.02;10;25
51.97;10;25
51.93;10;25
51.88;10;25
51.84;10;25
51.79;10;25
51.74;10;25
51.7;10;25
51.65;10;25
51.61;10;25
51.57;10;25
51.52;10;25
51.48;10;25
51.44;10;25
51.39;10;25
51.35;10;25
51.31;10;25
51.26;10;25
51.22;10;25
51.18;10;25
51.13;10;25
51.09;10;25
51.05;10;25
51.01;10;25
50.96;10;25
50.92;10;25
50.88;10;25
50.84;10;25
50.79;10;25
50.75;10;25
50.71;10;25
50.67;10;25
50.63;10;25
50.58;10;25
50.54;10;25
50.5;10;25
50.46;10;25
50.41;10;25
50.37;10;25
50.33;10;25
50.29;10;25
50.25;10;25
50.21;10;25
50.17;10;25
50.13;10;25
50.09;10;25
50.05;10;25
50;10;25
49.96;10;25
49.92;10;25
49.88;10;25
49.84;10;25
49.8;10;25
49.76;10;25
49.72;10;25
49.68;10;25
49.64;10;25
49.59;10;25
49.55;10;25
49.51;10;25
49.47;10;25
49.43;10;25
49.38;10;25
49.34;10;25
49.3;10;25
49.26;10;25
49.22;10;25
49.17;10;25
49.13;10;25
49.09;10;25
49.05;10;25
49.01;10;25
48.97;10;25
48.93;10;25
48.89;10;25
48.85;10;25
48.81;10;25
48.77;10;25
48.72;10;25
48.68;10;25
48.64;10;25
48.6;10;25
48.56;10;25
48.52;10;25
48.48;10;25
48.43;10;25
48.39;10;25
48.35;10;25
48.31;10;25
48.27;10;25
48.23;10;25
48.19;10;25
48.15;10;25
48.11;10;25
48.07;10;25
48.03;10;25
47.99;10;25
47.95;10;25
47.91;10;25
47.87;10;25
47.83;10;25
47.79;10;25
47.75;10;25
47.71;10;25
47.67;10;25
47.63;10;25
47.59;10;25
47.55;10;25
47.51;10;25
47.47;10;25
47.43;10;25
47.4;10;25
47.36;10;25
47.32;10;25
47.28;10;25
47.24;10;25
47.21;10;25
47.17;10;25
47.13;10;25
47.09;10;25
47.05;10;25
47.01;10;25
46.97;10;25
46.93;10;25
46.9;10;25
46.86;10;25
46.82;10;25
46.78;10;25
46.74;10;25
46.7;10;25
46.67;10;25
46.63;10;25
46.59;10;25
46.56;10;25
46.52;10;25
46.48;10;25
46.44;10;25
46.41;10;25
46.37;10;25
46.33;10;25
46.3;10;25
46.26;10;25
46.22;10;25
46.18;10;25
46.15;10;25
46.11;10;25
46.07;10;25
46.04;10;25
46;10;25
45.96;10;25
45.93;10;25
45.89;10;25
45.86;10;25
45.82;10;25
45.78;10;25
45.75;10;25
45.71;10;25
45.68;10;25
45.64;10;25
45.6;10;25
45.57;10;25
45.53;10;25
45.5;10;25
45.46;10;25
45.42;10;25
45.39;10;25
45.35;10;25
45.32;10;25
45.28;10;25
45.25;10;25
45.21;10;25
45.14;10;25
45.14;10;25
45.1;10;25
45.07;10;25
45.03;10;25
44.99;10;25
44.96;10;25
44.92;10;25
44.89;10;25
44.85;10;25
44.78;10;25
44.78;10;25
44.74;10;25
44.71;10;25
44.67;10;25
44.64;10;25
44.6;10;25
44.57;10;25
44.53;10;25
44.5;10;25
44.47;10;25
44.43;10;25
44.4;10;25
44.37;10;25
44.33;10;25
44.3;10;25
44.27;10;25
44.23;10;25
44.2;10;25
44.17;10;25
44.13;10;25
44.1;10;25
44.07;10;25
44.03;10;25
44;10;25
43.97;10;25
43.94;10;25
43.9;10;25
43.87;10;25
43.83;10;25
43.8;10;25
43.77;10;25
43.73;10;25
43.7;10;25
43.66;10;25
43.63;10;25
43.59;10;25
43.56;10;25
43.53;10;25
43.5;10;25
43.47;10;25
43.43;10;25
43.4;10;25
43.37;10;25
43.34;10;25
43.31;10;25
43.28;10;25
43.25;10;25
43.21;10;25
43.18;10;25
43.15;10;25
43.12;10;25
43.09;10;25
43.06;10;25
43.03;10;25
43;10;25
42.96;10;25
42.93;10;25
42.9;10;25
42.87;10;25
42.84;10;25
42.81;10;25
42.78;10;25
42.75;10;25
42.72;10;25
42.69;10;25
42.66;10;25
42.62;10;25
42.59;10;25
42.56;10;25
42.53;10;25
42.5;10;25
42.46;10;25
42.43;10;25
42.4;10;25
42.37;10;25
42.34;10;25
42.3;10;25
42.27;10;25
42.24;10;25
42.21;10;25
42.18;10;25
42.15;10;25
42.12;10;25
42.09;10;25
42.06;10;25
42.03;10;25
42;10;25
41.97;10;25
41.94;10;25
41.91;10;25
41.88;10;25
41.85;10;25
41.82;10;25
41.79;10;25
41.76;10;25
41.73;10;25
41.7;10;25
41.67;10;25
41.64;10;25
41.61;10;25
41.58;10;25
41.55;10;25
41.52;10;25
41.49;10;25
41.46;10;25
41.44;10;25
41.41;10;25
41.38;10;25
41.35;10;25
41.32;10;25
41.29;10;25
41.26;10;25
41.23;10;25
41.2;10;25
41.17;10;25
41.14;10;25
41.11;10;25
41.08;10;25
41.05;10;25
41.02;10;25
40.99;10;25
40.96;10;25
40.93;10;25
40.9;10;25
40.87;10;25
40.84;10;25
40.81;10;25
40.78;10;25
40.75;10;25
40.72;10;25
40.69;10;25
40.66;10;25
40.63;10;25
40.6;10;25
40.57;10;25
40.54;10;25
40.51;10;25
40.48;10;25
40.45;10;25
40.43;10;25
40.4;10;25
40.37;10;25
40.34;10;25
40.32;10;25
40.29;10;25
40.26;10;25
40.23;10;25
40.21;10;25
40.18;10;25
40.15;10;25
40.12;10;25
40.1;10;25
40.07;10;25
40.04;10;25
40.01;10;25
39.99;10;25
39.96;10;25
39.93;10;25
39.9;10;25
39.88;10;25
39.82;10;25
39.82;10;25
39.79;10;25
39.76;10;25
39.74;10;25
39.71;10;25
39.68;10;25
39.65;10;25
39.62;10;25
39.6;10;25
39.54;10;25
39.54;10;25
39.51;10;25
39.48;10;25
39.46;10;25
39.43;10;25
39.4;10;25
39.37;10;25
39.34;10;25
39.32;10;25
39.29;10;25
39.26;10;25
39.24;10;25
39.21;10;25
39.18;10;25
39.15;10;25
39.13;10;25
39.1;10;25
39.08;10;25
39.05;10;25
39.03;10;25
39;10;25
38.98;10;25
38.95;10;25
38.92;10;25
38.9;10;25
38.87;10;25
38.85;10;25
38.82;10;25
38.8;10;25
38.77;10;25
38.75;10;25
38.72;10;25
38.7;10;25
38.67;10;25
38.65;10;25
38.62;10;25
38.6;10;25
38.57;10;25
38.55;10;25
38.52;10;25
38.5;10;25
38.47;10;25
38.45;10;25
38.42;10;25
38.4;10;25
38.37;10;25
38.35;10;25
38.32;10;25
38.3;10;25
38.28;10;25
38.25;10;25
38.23;10;25
38.2;10;25
38.18;10;25
38.15;10;25
38.13;10;25
38.1;10;25
38.08;10;25
38.05;10;25
38.03;10;25
38;10;25
37.98;10;25
37.96;10;25
37.93;10;25
37.91;10;25
37.88;10;25
37.86;10;25
37.83;10;25
37.81;10;25
37.78;10;25
37.76;10;25
37.73;10;25
37.71;10;25
37.68;10;25
37.66;10;25
37.64;10;25
37.61;10;25
37.59;10;25
37.57;10;25
37.54;10;25
37.52;10;25
37.49;10;25
37.47;10;25
37.45;10;25
37.42;10;25
37.4;10;25
37.38;10;25
37.35;10;25
37.33;10;25
37.3;10;25
37.28;10;25
37.26;10;25
37.23;10;25
37.21;10;25
37.18;10;25
37.16;10;25
37.14;10;25
37.11;10;25
37.09;10;25
37.06;10;25
37.04;10;25
37.01;10;25
36.99;10;25
36.97;10;25
36.94;10;25
36.92;10;25
36.9;10;25
36.88;10;25
36.85;10;25
36.83;10;25
36.81;10;25
36.79;10;25
36.77;10;25
36.75;10;25
36.72;10;25
36.7;10;25
36.68;10;25
36.66;10;25
36.63;10;25
36.61;10;25
36.59;10;25
36.56;10;25
36.54;10;25
36.52;10;25
36.49;10;25
36.47;10;25
36.45;10;25
36.42;10;25
36.4;10;25
36.38;10;25
36.36;10;25
36.33;10;25
36.31;10;25
36.29;10;25
36.26;10;25
36.24;10;25
36.22;10;25
36.2;10;25
36.17;10;25
36.15;10;25
36.13;10;25
36.1;10;25
36.08;10;25
36.06;10;25
36.04;10;25
36.01;10;25
35.99;10;25
35.97;10;25
35.95;10;25
35.93;10;25
35.89;10;25
35.89;10;25
35.86;10;25
35.84;10;25
35.82;10;25
35.8;10;25
35.78;10;25
35.76;10;25
35.73;10;25
35.71;10;25
35.69;10;25
35.67;10;25
35.65;10;25
35.62;10;25
35.6;10;25
35.58;10;25
35.56;10;25
35.54;10;25
35.52;10;25
35.5;10;25
35.48;10;25
35.46;10;25
35.44;10;25
35.42;10;25
35.4;10;25
35.38;10;25
35.35;10;25
35.33;10;25
35.31;10;25
35.29;10;25
35.27;10;25
35.25;10;25
35.23;10;25
35.21;10;25
35.19;10;25
35.17;10;25
35.15;10;25
35.13;10;25
35.11;10;25
35.09;10;25
35.07;10;25
35.05;10;25
35.03;10;25
35.01;10;25
34.99;10;25
34.98;10;25
34.96;10;25
34.94;10;25
34.92;10;25
34.9;10;25
34.88;10;25
34.86;10;25
34.84;10;25
34.82;10;25
34.8;10;25
34.78;10;25
34.76;10;25
34.74;10;25
34.72;10;25
34.7;10;25
34.68;10;25
34.66;10;25
34.64;10;25
34.62;10;25
34.6;10;25
34.58;10;25
34.56;10;25
34.54;10;25
34.52;10;25
34.5;10;25
34.48;10;25
34.46;10;25
34.44;10;25
34.42;10;25
34.4;10;25
34.39;10;25
34.37;10;25
34.35;10;25
34.34;10;25
34.32;10;25
34.3;10;25
34.29;10;25
34.27;10;25
34.25;10;25
34.24;10;25
34.22;10;25
34.2;10;25
34.18;10;25
34.16;10;25
34.14;10;25
34.12;10;25
34.1;10;25
34.08;10;25
34.07;10;25
34.05;10;25
34.03;10;25
34.01;10;25
33.99;10;25
33.97;10;25
33.96;10;25
33.94;10;25
33.92;10;25
33.9;10;25
33.88;10;25
33.86;10;25
33.85;10;25
33.83;10;25
33.81;10;25
33.8;10;25
33.78;10;25
33.76;10;25
33.75;10;25
33.73;10;25
33.71;10;25
33.7;10;25
33.68;10;25
33.66;10;25
33.65;10;25
33.63;10;25
33.61;10;25
33.59;10;25
33.57;10;25
33.56;10;25
33.54;10;25
33.52;10;25
33.5;10;25
33.49;10;25
33.47;10;25
33.46;10;25
33.44;10;25
33.42;10;25
33.41;10;25
33.39;10;25
33.37;10;25
33.36;10;25
33.34;10;25
33.33;10;25
33.31;10;25
33.3;10;25
33.28;10;25
33.27;10;25
33.25;10;25
33.24;10;25
33.23;10;25
33.21;10;25
33.19;10;25
33.18;10;25
33.16;10;25
33.14;10;25
33.13;10;25
33.11;10;25
33.09;10;25
33.07;10;25
33.06;10;25
33.04;10;25
33.02;10;25
33.01;10;25
32.99;10;25
32.98;10;25
32.96;10;25
32.95;10;25
32.92;10;25
32.92;10;25
32.91;10;25
32.89;10;25
32.88;10;25
32.86;10;25
32.84;10;25
32.83;10;25
32.81;10;25
32.8;10;25
32.77;10;25
32.77;10;25
32.75;10;25
32.74;10;25
32.72;10;25
32.71;10;25
32.69;10;25
32.68;10;25
32.66;10;25
32.65;10;25
32.62;10;25
32.62;10;25
32.6;10;25
32.59;10;25
32.57;10;25
32.55;10;25
32.54;10;25
32.52;10;25
32.5;10;25
32.49;10;25
32.47;10;25
32.46;10;25
32.44;10;25
32.42;10;25
32.41;10;25
32.39;10;25
32.38;10;25
32.36;10;25
32.35;10;25
32.33;10;25
32.32;10;25
32.3;10;25
32.29;10;25
32.27;10;25
32.26;10;25
32.24;10;25
32.22;10;25
32.21;10;25
32.19;10;25
32.18;10;25
32.16;10;25
32.15;10;25
32.13;10;25
32.12;10;25
32.1;10;25
32.09;10;25
32.07;10;25
32.06;10;25
32.05;10;25
32.03;10;25
32.02;10;25
32;10;25
31.99;10;25
31.98;10;25
31.96;10;25
31.95;10;25
31.93;10;25
31.92;10;25
31.9;10;25
31.89;10;25
31.87;10;25
31.86;10;25
31.85;10;25
31.83;10;25
31.82;10;25
31.8;10;25
31.79;10;25
31.77;10;25
31.76;10;25
31.74;10;25
31.73;10;25
31.71;10;25
31.7;10;25
31.69;10;25
31.67;10;25
31.66;10;25
31.64;10;25
31.63;10;25
31.61;10;25
31.6;10;25
31.58;10;25
31.57;10;25
31.56;10;25
31.54;10;25
31.53;10;25
31.52;10;25
31.51;10;25
31.49;10;25
31.48;10;25
31.47;10;25
31.46;10;25
31.45;10;25
31.44;10;25
31.43;10;25
31.41;10;25
31.4;10;25
31.39;10;25
31.38;10;25
31.37;10;25
31.36;10;25
31.34;10;25
31.33;10;25
31.32;10;25
31.31;10;25
31.3;10;25
31.28;10;25
31.27;10;25
31.25;10;25
31.24;10;25
31.23;10;25
31.21;10;25
31.2;10;25
31.19;10;25
31.17;10;25
31.16;10;25
31.15;10;25
31.14;10;25
31.13;10;25
31.11;10;25
31.1;10;25
31.09;10;25
31.08;10;25
31.07;10;25
31.06;10;25
31.04;10;25
31.03;10;25
31.02;10;25
31.01;10;25
30.99;10;25
30.98;10;25
30.97;10;25
30.95;10;25
30.94;10;25
30.93;10;25
30.92;10;25
30.9;10;25
30.89;10;25
30.88;10;25
30.87;10;25
30.86;10;25
30.85;10;25
30.84;10;25
30.83;10;25
30.82;10;25
30.81;10;25
30.8;10;25
30.79;10;25
30.78;10;25
30.77;10;25
30.75;10;25
30.74;10;25
30.73;10;25
30.72;10;25
30.71;10;25
30.7;10;25
30.69;10;25
30.68;10;25
30.67;10;25
30.65;10;25
30.64;10;25
30.63;10;25
30.6;10;25
30.6;10;25
30.59;10;25
30.58;10;25
30.57;10;25
30.56;10;25
30.55;10;25
30.54;10;25
30.52;10;25
30.51;10;25
30.49;10;25
30.49;10;25
30.48;10;25
30.47;10;25
30.46;10;25
30.44;10;25
30.43;10;25
30.42;10;25
30.41;10;25
30.39;10;25
30.38;10;25
30.37;10;25
30.36;10;25
30.35;10;25
30.33;10;25
30.32;10;25
30.31;10;25
30.3;10;25
30.29;10;25
30.27;10;25
30.26;10;25
30.25;10;25
30.24;10;25
30.23;10;25
30.22;10;25
30.21;10;25
30.2;10;25
30.19;10;25
30.17;10;25
30.16;10;25
30.15;10;25
30.14;10;25
30.13;10;25
30.12;10;25
30.11;10;25
30.1;10;25
30.09;10;25
30.08;10;25
30.07;10;25
30.06;10;25
30.05;10;25
30.04;10;25
30.03;10;25
30.02;10;25
30.01;10;25
30;10;25
29.99;10;25
29.98;10;25
29.98;10;25
29.97;10;25
29.96;10;25
29.95;10;25
29.94;10;25
29.93;10;25
29.92;10;25
29.91;10;25
29.9;10;25
29.89;10;25
29.88;10;25
29.88;10;25
29.87;10;25
29.86;10;25
29.85;10;25
29.84;10;25
29.83;10;25
29.82;10;25
29.81;10;25
29.8;10;25
29.79;10;25
29.78;10;25
29.77;10;25
29.76;10;25
29.75;10;25
29.74;10;25
29.73;10;25
29.72;10;25
29.71;10;25
29.7;10;25
29.69;10;25
29.68;10;25
29.67;10;25
29.66;10;25
29.65;10;25
29.64;10;25
29.63;10;25
29.62;10;25
29.61;10;25
29.6;10;25
29.6;10;25
29.59;10;25
29.58;10;25
29.57;10;25
29.56;10;25
29.55;10;25
29.54;10;25
29.53;10;25
29.52;10;25
29.52;10;25
29.51;10;25
29.5;10;25
29.49;10;25
29.48;10;25
29.48;10;25
29.47;10;25
29.46;10;25
29.45;10;25
29.44;10;25
29.43;10;25
29.42;10;25
29.41;10;25
29.4;10;25
29.39;10;25
29.38;10;25
29.37;10;25
29.36;10;25
29.35;10;25
29.34;10;25
29.33;10;25
29.32;10;25
29.31;10;25
29.3;10;25
29.29;10;25
29.28;10;25
29.27;10;25
29.27;10;25
29.26;10;25
29.25;10;25
29.24;10;25
29.24;10;25
29.23;10;25
29.22;10;25
29.21;10;25
29.21;10;25
29.2;10;25
29.19;10;25
29.18;10;25
29.17;10;25
29.16;10;25
29.16;10;25
29.15;10;25
29.14;10;25
29.13;10;25
29.12;10;25
29.11;10;25
29.1;10;25
29.1;10;25
29.09;10;25
29.08;10;25
29.07;10;25
29.06;10;25
29.05;10;25
29.04;10;25
29.03;10;25
29.03;10;25
29.02;10;25
29.01;10;25
29;10;25
28.99;10;25
28.98;10;25
28.97;10;25
28.96;10;25
28.96;10;25
28.95;10;25
28.94;10;25
28.93;10;25
28.92;10;25
28.92;10;25
28.91;10;25
28.9;10;25
28.9;10;25
28.89;10;25
28.88;10;25
28.87;10;25
28.87;10;25
28.86;10;25
28.85;10;25
28.84;10;25
28.83;10;25
28.82;10;25
28.81;10;25
28.8;10;25
28.8;10;25
28.79;10;25
28.78;10;25
28.77;10;25
28.77;10;25
28.76;10;25
28.75;10;25
28.75;10;25
28.74;10;25
28.74;10;25
28.72;10;25
28.72;10;25
28.72;10;25
28.71;10;25
28.7;10;25
28.7;10;25
28.69;10;25
28.68;10;25
28.68;10;25
28.67;10;25
28.66;10;25
28.66;10;25
28.65;10;25
28.64;10;25
28.63;10;25
28.62;10;25
28.62;10;25
28.61;10;25
28.6;10;25
28.59;10;25
28.58;10;25
28.57;10;25
28.56;10;25
28.56;10;25
28.55;10;25
28.54;10;25
28.53;10;25
28.52;10;25
28.52;10;25
28.51;10;25
28.5;10;25
28.49;10;25
28.48;10;25
28.48;10;25
28.47;10;25
28.46;10;25
28.45;10;25
28.44;10;25
28.43;10;25
28.43;10;25
28.42;10;25
28.41;10;25
28.4;10;25
28.4;10;25
28.39;10;25
28.38;10;25
28.38;10;25
28.37;10;25
28.36;10;25
28.36;10;25
28.35;10;25
28.34;10;25
28.34;10;25
28.33;10;25
28.33;10;25
28.32;10;25
28.32;10;25
28.31;10;25
28.3;10;25
28.3;10;25
28.29;10;25
28.29;10;25
28.28;10;25
28.28;10;25
28.27;10;25
28.26;10;25
28.26;10;25
28.25;10;25
28.24;10;25
28.24;10;25
28.23;10;25
28.22;10;25
28.22;10;25
28.21;10;25
28.2;10;25
28.2;10;25
28.19;10;25
28.18;10;25
28.18;10;25
28.17;10;25
28.17;10;25
28.16;10;25
28.15;10;25
28.15;10;25
28.14;10;25
28.13;10;25
28.12;10;25
28.12;10;25
28.11;10;25
28.1;10;25
28.09;10;25
28.09;10;25
28.08;10;25
28.07;10;25
28.07;10;25
28.06;10;25
28.06;10;25
28.05;10;25
28.05;10;25
28.04;10;25
28.04;10;25
28.03;10;25
28.03;10;25
28.02;10;25
28.02;10;25
28.01;10;25
28;10;25
27.99;10;25
27.99;10;25
27.98;10;25
27.97;10;25
27.97;10;25
27.96;10;25
27.95;10;25
27.95;10;25
27.94;10;25
27.93;10;25
27.92;10;25
27.92;10;25
27.91;10;25
27.9;10;25
27.89;10;25
27.89;10;25
27.88;10;25
27.87;10;25
27.87;10;25
27.86;10;25
27.86;10;25
27.85;10;25
27.84;10;25
27.84;10;25
27.82;10;25
27.82;10;25
27.82;10;25
27.82;10;25
27.81;10;25
27.81;10;25
27.8;10;25
27.8;10;25
27.79;10;25
27.79;10;25
27.78;10;25
27.78;10;25
27.78;10;25
27.77;10;25
27.77;10;25
27.76;10;25
27.76;10;25
27.75;10;25
27.75;10;25
27.74;10;25
27.74;10;25
27.73;10;25
27.73;10;25
27.72;10;25
27.72;10;25
27.71;10;25
27.71;10;25
27.7;10;25
27.7;10;25
27.69;10;25
27.69;10;25
27.68;10;25
27.68;10;25
27.67;10;25
27.67;10;25
27.66;10;25
27.66;10;25
27.65;10;25
27.65;10;25
27.64;10;25
27.64;10;25
27.63;10;25
27.63;10;25
27.63;10;25
27.62;10;25
27.62;10;25
27.61;10;25
27.61;10;25
27.6;10;25
27.6;10;25
27.6;10;25
27.59;10;25
27.59;10;25
27.58;10;25
27.58;10;25
27.57;10;25
27.57;10;25
27.56;10;25
27.56;10;25
27.56;10;25
27.55;10;25
27.55;10;25
27.54;10;25
27.54;10;25
27.54;10;25
27.53;10;25
27.53;10;25
27.52;10;25
27.52;10;25
27.52;10;25
27.51;10;25
27.51;10;25
27.5;10;25
27.49;10;25
27.49;10;25
27.48;10;25
27.47;10;25
27.47;10;25
27.46;10;25
27.45;10;25
27.45;10;25
27.44;10;25
27.44;10;25
27.43;10;25
27.43;10;25
27.42;10;25
27.42;10;25
27.41;10;25
27.41;10;25
27.4;10;25
27.4;10;25
27.39;10;25
27.39;10;25
27.39;10;25
27.38;10;25
27.38;10;25
27.37;10;25
27.37;10;25
27.36;10;25
27.36;10;25
27.35;10;25
27.35;10;25
27.34;10;25
27.34;10;25
27.33;10;25
27.33;10;25
27.32;10;25
27.32;10;25
27.31;10;25
27.31;10;25
27.3;10;25
27.3;10;25
27.29;10;25
27.29;10;25
27.28;10;25
27.28;10;25
27.28;10;25
27.27;10;25
27.27;10;25
27.26;10;25
27.26;10;25
27.26;10;25
27.25;10;25
27.25;10;25
27.25;10;25
27.24;10;25
27.24;10;25
27.23;10;25
27.23;10;25
27.23;10;25
27.22;10;25
27.22;10;25
27.21;10;25
27.21;10;25
27.2;10;25
27.2;10;25
27.19;10;25
27.18;10;25
27.18;10;25
27.17;10;25
27.17;10;25
27.16;10;25
27.16;10;25
27.15;10;25
27.15;10;25
27.14;10;25
27.14;10;25
27.13;10;25
27.13;10;25
27.12;10;25
27.12;10;25
27.11;10;25
27.11;10;25
27.1;10;25
27.1;10;25
27.09;10;25
27.08;10;25
27.08;10;25
27.07;10;25
27.07;10;25
27.06;10;25
27.06;10;25
27.05;10;25
27.05;10;25
27.05;10;25
27.04;10;25
27.04;10;25
27.04;10;25
27.03;10;25
27.03;10;25
27.03;10;25
27.02;10;25
27.02;10;25
27.02;10;25
27.01;10;25
27.01;10;25
27;10;25
27;10;25
27;10;25
26.99;10;25
26.99;10;25
26.98;10;25
26.98;10;25
26.97;10;25
26.97;10;25
26.97;10;25
26.96;10;25
26.96;10;25
26.95;10;25
26.95;10;25
26.95;10;25
26.94;10;25
26.94;10;25
26.93;10;25
26.93;10;25
26.92;10;25
26.92;10;25
26.91;10;25
26.91;10;25
26.9;10;25
26.9;10;25
26.89;10;25
26.89;10;25
26.89;10;25
26.88;10;25
26.88;10;25
26.88;10;25
26.87;10;25
26.87;10;25
26.86;10;25
26.86;10;25
26.86;10;25
26.85;10;25
26.85;10;25
26.84;10;25
26.83;10;25
26.83;10;25
26.82;10;25
26.82;10;25
26.81;10;25
26.81;10;25
26.81;10;25
26.8;10;25
26.8;10;25
26.8;10;25
26.8;10;25
26.79;10;25
26.79;10;25
26.79;10;25
26.79;10;25
26.78;10;25
26.78;10;25
26.78;10;25
26.77;10;25
26.77;10;25
26.76;10;25
26.76;10;25
26.75;10;25
26.75;10;25
26.74;10;25
26.74;10;25
26.73;10;25
26.73;10;25
26.73;10;25
26.72;10;25
26.72;10;25
26.72;10;25
26.71;10;25
26.71;10;25
26.71;10;25
26.71;10;25
26.7;10;25
26.7;10;25
26.69;10;25
26.69;10;25
26.69;10;25
26.68;10;25
26.68;10;25
26.67;10;25
26.67;10;25
26.66;10;25
26.66;10;25
26.66;10;25
26.65;10;25
26.65;10;25
26.65;10;25
26.64;10;25
26.64;10;25
26.64;10;25
26.63;10;25
26.63;10;25
26.62;10;25
26.62;10;25
26.62;10;25
26.61;10;25
26.61;10;25
26.61;10;25
26.6;10;25
26.6;10;25
26.6;10;25
26.59;10;25
26.59;10;25
26.59;10;25
26.58;10;25
26.58;10;25
26.58;10;25
26.57;10;25
26.57;10;25
26.57;10;25
26.56;10;25
26.56;10;25
26.56;10;25
26.56;10;25
26.55;10;25
26.55;10;25
26.55;10;25
26.55;10;25
26.55;10;25
26.54;10;25
26.54;10;25
26.54;10;25
26.54;10;25
26.53;10;25
26.53;10;25
26.53;10;25
26.52;10;25
26.52;10;25
26.52;10;25
26.52;10;25
26.51;10;25
26.51;10;25
26.51;10;25
26.5;10;25
26.5;10;25
26.5;10;25
26.5;10;25
26.5;10;25
26.49;10;25
26.49;10;25
26.49;10;25
26.49;10;25
26.48;10;25
26.48;10;25
26.48;10;25
26.47;10;25
26.47;10;25
26.46;10;25
26.46;10;25
26.46;10;25
26.45;10;25
26.45;10;25
26.44;10;25
26.44;10;25
26.43;10;25
26.43;10;25
26.43;10;25
26.42;10;25
26.42;10;25
26.42;10;25
26.41;10;25
26.41;10;25
26.4;10;25
26.4;10;25
26.4;10;25
26.4;10;25
26.39;10;25
26.39;10;25
26.39;10;25
26.39;10;25
26.38;10;25
26.38;10;25
26.38;10;25
26.37;10;25
26.37;10;25
26.37;10;25
26.37;10;25
26.36;10;25
26.36;10;25
26.36;10;25
26.35;10;25
26.35;10;25
26.35;10;25
26.34;10;25
26.34;10;25
26.34;10;25
26.34;10;25
26.33;10;25
26.33;10;25
26.33;10;25
26.32;10;25
26.32;10;25
26.32;10;25
26.31;10;25
26.31;10;25
26.31;10;25
26.31;10;25
26.31;10;25
26.3;10;25
26.3;10;25
26.3;10;25
26.29;10;25
26.29;10;25
26.29;10;25
26.29;10;25
26.29;10;25
26.29;10;25
26.28;10;25
26.28;10;25
26.28;10;25
26.28;10;25
26.28;10;25
26.28;10;25
26.27;10;25
26.27;10;25
26.27;10;25
26.26;10;25
26.26;10;25
26.26;10;25
26.26;10;25
26.25;10;25
26.25;10;25
26.25;10;25
26.25;10;25
26.25;10;25
26.24;10;25
26.24;10;25
26.24;10;25
26.24;10;25
26.24;10;25
26.24;10;25
26.24;10;25
26.23;10;25
26.23;10;25
26.23;10;25
26.22;10;25
26.22;10;25
26.22;10;25
26.22;10;25
26.21;10;25
26.21;10;25
26.21;10;25
26.2;10;25
26.2;10;25
26.2;10;25
26.2;10;25
26.19;10;25
26.19;10;25
26.19;10;25
26.18;10;25
26.18;10;25
26.18;10;25
26.18;10;25
26.17;10;25
26.17;10;25
26.17;10;25
26.17;10;25
26.16;10;25
26.16;10;25
26.16;10;25
26.16;10;25
26.15;10;25
26.15;10;25
26.15;10;25
26.14;10;25
26.14;10;25
26.14;10;25
26.13;10;25
26.13;10;25
26.13;10;25
26.12;10;25
26.12;10;25
26.12;10;25
26.12;10;25
26.11;10;25
26.11;10;25
26.11;10;25
26.11;10;25
26.11;10;25
26.11;10;25
26.1;10;25
26.1;10;25
26.1;10;25
26.1;10;25
26.09;10;25
26.09;10;25
26.09;10;25
26.09;10;25
26.09;10;25
26.08;10;25
26.08;10;25
26.08;10;25
26.08;10;25
26.07;10;25
26.07;10;25
26.07;10;25
26.06;10;25
26.06;10;25
26.06;10;25
26.05;10;25
26.05;10;25
26.05;10;25
26.05;10;25
26.04;10;25
26.04;10;25
26.04;10;25
26.04;10;25
26.04;10;25
26.04;10;25
26.03;10;25
26.03;10;25
26.03;10;25
26.03;10;25
26.03;10;25
26.02;10;25
26.02;10;25
26.01;10;25
26.01;10;25
26.01;10;25
26;10;25
26;10;25
26;10;25
25.99;10;25
25.99;10;25
25.99;10;25
25.99;10;25
25.98;10;25
25.98;10;25
25.98;10;25
25.97;10;25
25.97;10;25
25.97;10;25
25.97;10;25
25.96;10;25
25.96;10;25
25.96;10;25
25.95;10;25
25.95;10;25
25.95;10;25
25.95;10;25
25.94;10;25
25.94;10;25
25.94;10;25
25.94;10;25
25.94;10;25
25.94;10;25
25.94;10;25
25.93;10;25
25.93;10;25
25.93;10;25
25.93;10;25
25.93;10;25
25.93;10;25
25.93;10;25
25.92;10;25
25.92;10;25
25.92;10;25
25.91;10;25
25.91;10;25
25.91;10;25
25.9;10;25
25.9;10;25
25.9;10;25
25.89;10;25
25.89;10;25
25.89;10;25
25.88;10;25
25.88;10;25
25.88;10;25
25.87;10;25
25.87;10;25
25.87;10;25
25.87;10;25
25.86;10;25
25.86;10;25
25.86;10;25
25.86;10;25
25.86;10;25
25.86;10;25
25.86;10;25
25.85;10;25
25.85;10;25
25.85;10;25
25.85;10;25
25.85;10;25
25.85;10;25
25.85;10;25
25.85;10;25
25.84;10;25
25.84;10;25
25.84;10;25
25.84;10;25
25.84;10;25
25.84;10;25
25.84;10;25
25.84;10;25
25.83;10;25
25.83;10;25
25.83;10;25
25.83;10;25
25.83;10;25
25.83;10;25
25.83;10;25
25.83;10;25
25.82;10;25
25.82;10;25
25.82;10;25
25.82;10;25
25.82;10;25
25.81;10;25
25.81;10;25
25.81;10;25
25.81;10;25
25.81;10;25
25.8;10;25
25.8;10;25
25.8;10;25
25.8;10;25
25.79;10;25
25.79;10;25
25.79;10;25
25.79;10;25
25.78;10;25
25.78;10;25
25.78;10;25
25.78;10;25
25.78;10;25
25.78;10;25
25.78;10;25
25.77;10;25
25.77;10;25
25.77;10;25
25.77;10;25
25.77;10;25
25.77;10;25
25.76;10;25
25.76;10;25
25.76;10;25
25.76;10;25
25.75;10;25
25.75;10;25
25.75;10;25
25.75;10;25
25.75;10;25
25.75;10;25
25.74;10;25
25.74;10;25
25.74;10;25
25.74;10;25
25.74;10;25
25.74;10;25
25.74;10;25
25.73;10;25
25.73;10;25
25.73;10;25
25.73;10;25
25.73;10;25
25.73;10;25
25.73;10;25
25.73;10;25
25.73;10;25
25.72;10;25
25.72;10;25
25.72;10;25
25.72;10;25
25.72;10;25
25.72;10;25
25.72;10;25
25.72;10;25
25.72;10;25
25.72;10;25
25.72;10;25
25.72;10;25
25.72;10;25
25.72;10;25
25.71;10;25
25.71;10;25
25.71;10;25
25.71;10;25
25.7;10;25
25.7;10;25
25.7;10;25
25.7;10;25
25.69;10;25
25.69;10;25
25.69;10;25
25.69;10;25
25.69;10;25
25.68;10;25
25.68;10;25
25.68;10;25
25.68;10;25
25.68;10;25
25.67;10;25
25.67;10;25
25.67;10;25
25.67;10;25
25.67;10;25
25.66;10;25
25.66;10;25
25.66;10;25
25.66;10;25
25.66;10;25
25.66;10;25
25.65;10;25
25.65;10;25
25.65;10;25
25.65;10;25
25.64;10;25
25.64;10;25
25.64;10;25
25.64;10;25
25.64;10;25
25.64;10;25
25.64;10;25
25.63;10;25
25.63;10;25
25.63;10;25
25.63;10;25
25.63;10;25
25.63;10;25
25.63;10;25
25.63;10;25
25.63;10;25
25.63;10;25
25.63;10;25
25.62;10;25
25.62;10;25
25.62;10;25
25.62;10;25
25.62;10;25
25.62;10;25
25.62;10;25
25.62;10;25
25.62;10;25
25.61;10;25
25.61;10;25
25.61;10;25
25.61;10;25
25.6;10;25
25.6;10;25
25.6;10;25
25.6;10;25
25.59;10;25
25.59;10;25
25.59;10;25
25.59;10;25
25.59;10;25
25.58;10;25
25.58;10;25
25.58;10;25
25.58;10;25
25.57;10;25
25.57;10;25
25.57;10;25
25.57;10;25
25.57;10;25
25.57;10;25
25.57;10;25
25.57;10;25
25.57;10;25
25.57;10;25
25.57;10;25
25.57;10;25
25.57;10;25
25.57;10;25
25.57;10;25
25.57;10;25
25.57;10;25
25.57;10;25
25.57;10;25
25.57;10;25
25.57;10;25
25.57;10;25
25.57;10;25
25.57;10;25
25.57;10;25
25.57;10;25
25.57;10;25
25.57;10;25
25.56;10;25
25.56;10;25
25.56;10;25
25.56;10;25
25.56;10;25
25.56;10;25
25.56;10;25
25.56;10;25
25.56;10;25
25.56;10;25
25.56;10;25
25.56;10;25
25.55;10;25
25.55;10;25
25.55;10;25
25.55;10;25
25.55;10;25
25.54;10;25
25.54;10;25
25.54;10;25
25.54;10;25
25.53;10;25
25.53;10;25
25.53;10;25
25.53;10;25
25.53;10;25
25.53;10;25
25.53;10;25
25.53;10;25
25.53;10;25
25.53;10;25
25.53;10;25
25.53;10;25
25.52;10;25
25.52;10;25
25.52;10;25
25.52;10;25
25.52;10;25
25.51;10;25
25.51;10;25
25.51;10;25
25.51;10;25
25.51;10;25
25.51;10;25
25.51;10;25
25.5;10;25
25.5;10;25
25.5;10;25
25.5;10;25
25.5;10;25
25.5;10;25
25.5;10;25
25.5;10;25
25.5;10;25
25.5;10;25
25.5;10;25
25.5;10;25
25.5;10;25
25.49;10;25
25.49;10;25
25.49;10;25
25.49;10;25
25.49;10;25
25.49;10;25
25.49;10;25
25.49;10;25
25.49;10;25
25.49;10;25
25.49;10;25
25.49;10;25
25.49;10;25
25.49;10;25
25.49;10;25
25.49;10;25
25.49;10;25
25.49;10;25
25.49;10;25
25.49;10;25
25.49;10;25
25.49;10;25
25.49;10;25
25.49;10;25
25.49;10;25
25.49;10;25
25.49;10;25
25.49;10;25
25.49;10;25
25.49;10;25
25.49;10;25
25.49;10;25
25.49;10;25
25.49;10;25
25.49;10;25
25.48;10;25
25.48;10;25
25.48;10;25
25.48;10;25
25.47;10;25
25.47;10;25
25.47;10;25
25.47;10;25
25.47;10;25
25.46;10;25
25.46;10;25
25.46;10;25
25.46;10;25
25.46;10;25
25.45;10;25
25.45;10;25
25.45;10;25
25.45;10;25
25.45;10;25
25.45;10;25
25.44;10;25
25.44;10;25
25.44;10;25
25.44;10;25
25.44;10;25
25.44;10;25
25.44;10;25
25.44;10;25
25.44;10;25
25.43;10;25
25.43;10;25
25.43;10;25
25.43;10;25
25.43;10;25
25.43;10;25
25.43;10;25
25.43;10;25
25.43;10;25
25.43;10;25
25.43;10;25
25.43;10;25
25.43;10;25
25.43;10;25
25.43;10;25
25.43;10;25
25.43;10;25
25.43;10;25
25.43;10;25
25.43;10;25
25.43;10;25
25.43;10;25
25.43;10;25
25.43;10;25
25.43;10;25
25.43;10;25
25.43;10;25
25.43;10;25
25.43;10;25
25.43;10;25
25.43;10;25
25.43;10;25
25.43;10;25
25.43;10;25
25.43;10;25
25.42;10;25
25.42;10;25
25.42;10;25
25.42;10;25
25.41;10;25
25.41;10;25
25.41;10;25
25.41;10;25
25.41;10;25
25.41;10;25
25.41;10;25
25.41;10;25
25.41;10;25
25.41;10;25
25.41;10;25
25.41;10;25
25.41;10;25
25.41;10;25
25.41;10;25
25.41;10;25
25.41;10;25
25.41;10;25
25.41;10;25
25.41;10;25
25.41;10;25
25.41;10;25
25.41;10;25
25.41;10;25
25.41;10;25
25.41;10;25
25.41;10;25
25.41;10;25
25.41;10;25
25.41;10;25
25.41;10;25
25.41;10;25
25.41;10;25
25.4;10;25
25.4;10;25
25.4;10;25
25.4;10;25
25.4;10;25
25.4;10;25
25.39;10;25
25.39;10;25
25.39;10;25
25.39;10;25
25.39;10;25
25.39;10;25
25.38;10;25
25.38;10;25
25.38;10;25
25.38;10;25
25.38;10;25
25.37;10;25
25.37;10;25
25.37;10;25
